{
  "images" : [
    {
      "idiom" : "universal",
      "filename" : "kisspng-dog-breed-cat-leash-paw-tugenuff-dog-gear-5b5336d02cf8c7.6624395915321801761842.png",
      "scale" : "1x"
    },
    {
      "idiom" : "universal",
      "filename" : "kisspng-dog-breed-cat-leash-paw-tugenuff-dog-gear-5b5336d02cf8c7.6624395915321801761842-1.png",
      "scale" : "2x"
    },
    {
      "idiom" : "universal",
      "filename" : "kisspng-dog-breed-cat-leash-paw-tugenuff-dog-gear-5b5336d02cf8c7.6624395915321801761842-2.png",
      "scale" : "3x"
    }
  ],
  "info" : {
    "version" : 1,
    "author" : "xcode"
  }
}