{
  "images" : [
    {
      "idiom" : "universal",
      "filename" : "kisspng-doghouse-dog-house-5a71fac69ec980.1063425215174192066504.png",
      "scale" : "1x"
    },
    {
      "idiom" : "universal",
      "filename" : "kisspng-doghouse-dog-house-5a71fac69ec980.1063425215174192066504-1.png",
      "scale" : "2x"
    },
    {
      "idiom" : "universal",
      "filename" : "kisspng-doghouse-dog-house-5a71fac69ec980.1063425215174192066504-2.png",
      "scale" : "3x"
    }
  ],
  "info" : {
    "version" : 1,
    "author" : "xcode"
  }
}