{
  "images" : [
    {
      "idiom" : "universal",
      "filename" : "kisspng-dog-pet-sitting-cat-puppy-pug-5b3e702d1561f1.9168517615308186050876.png",
      "scale" : "1x"
    },
    {
      "idiom" : "universal",
      "filename" : "kisspng-dog-pet-sitting-cat-puppy-pug-5b3e702d1561f1.9168517615308186050876-1.png",
      "scale" : "2x"
    },
    {
      "idiom" : "universal",
      "filename" : "kisspng-dog-pet-sitting-cat-puppy-pug-5b3e702d1561f1.9168517615308186050876-2.png",
      "scale" : "3x"
    }
  ],
  "info" : {
    "version" : 1,
    "author" : "xcode"
  }
}