{
  "images" : [
    {
      "idiom" : "universal",
      "filename" : "kisspng-dog-toys-rope-cat-puppy-tug-5ae976cd83e5e4.2580858215252497415403.png",
      "scale" : "1x"
    },
    {
      "idiom" : "universal",
      "filename" : "kisspng-dog-toys-rope-cat-puppy-tug-5ae976cd83e5e4.2580858215252497415403-1.png",
      "scale" : "2x"
    },
    {
      "idiom" : "universal",
      "filename" : "kisspng-dog-toys-rope-cat-puppy-tug-5ae976cd83e5e4.2580858215252497415403-2.png",
      "scale" : "3x"
    }
  ],
  "info" : {
    "version" : 1,
    "author" : "xcode"
  }
}