{
  "images" : [
    {
      "idiom" : "universal",
      "filename" : "kisspng-dog-bed-pet-couch-cushion-herringbone-5b279db36eafa0.5143722715293229314534.png",
      "scale" : "1x"
    },
    {
      "idiom" : "universal",
      "filename" : "kisspng-dog-bed-pet-couch-cushion-herringbone-5b279db36eafa0.5143722715293229314534-1.png",
      "scale" : "2x"
    },
    {
      "idiom" : "universal",
      "filename" : "kisspng-dog-bed-pet-couch-cushion-herringbone-5b279db36eafa0.5143722715293229314534-2.png",
      "scale" : "3x"
    }
  ],
  "info" : {
    "version" : 1,
    "author" : "xcode"
  }
}