{
  "images" : [
    {
      "idiom" : "universal",
      "filename" : "kisspng-leash-dingo-dog-collar-5b1b5cf5606c35.575491201528519925395-2.png",
      "scale" : "1x"
    },
    {
      "idiom" : "universal",
      "filename" : "kisspng-leash-dingo-dog-collar-5b1b5cf5606c35.575491201528519925395-3.png",
      "scale" : "2x"
    },
    {
      "idiom" : "universal",
      "filename" : "kisspng-leash-dingo-dog-collar-5b1b5cf5606c35.575491201528519925395-4.png",
      "scale" : "3x"
    }
  ],
  "info" : {
    "version" : 1,
    "author" : "xcode"
  }
}