{
  "images" : [
    {
      "idiom" : "universal",
      "filename" : "kisspng-puppy-dog-food-cat-dog-breed-hj-5b3e286440a5b2.4225750415308002282648.png",
      "scale" : "1x"
    },
    {
      "idiom" : "universal",
      "filename" : "kisspng-puppy-dog-food-cat-dog-breed-hj-5b3e286440a5b2.4225750415308002282648-2.png",
      "scale" : "2x"
    },
    {
      "idiom" : "universal",
      "filename" : "kisspng-puppy-dog-food-cat-dog-breed-hj-5b3e286440a5b2.4225750415308002282648-1.png",
      "scale" : "3x"
    }
  ],
  "info" : {
    "version" : 1,
    "author" : "xcode"
  }
}