{
  "images" : [
    {
      "idiom" : "universal",
      "filename" : "kisspng-cat-food-whiskas-pet-food-salgadinhos-5b359bcdade227.5320434415302399497122-2.png",
      "scale" : "1x"
    },
    {
      "idiom" : "universal",
      "filename" : "kisspng-cat-food-whiskas-pet-food-salgadinhos-5b359bcdade227.5320434415302399497122-1.png",
      "scale" : "2x"
    },
    {
      "idiom" : "universal",
      "filename" : "kisspng-cat-food-whiskas-pet-food-salgadinhos-5b359bcdade227.5320434415302399497122.png",
      "scale" : "3x"
    }
  ],
  "info" : {
    "version" : 1,
    "author" : "xcode"
  }
}