{
  "images" : [
    {
      "idiom" : "universal",
      "filename" : "kisspng-dog-training-cat-pet-sitting-dog-5a7525cad02d88.4266260215176268268527.png",
      "scale" : "1x"
    },
    {
      "idiom" : "universal",
      "filename" : "kisspng-dog-training-cat-pet-sitting-dog-5a7525cad02d88.4266260215176268268527-1.png",
      "scale" : "2x"
    },
    {
      "idiom" : "universal",
      "filename" : "kisspng-dog-training-cat-pet-sitting-dog-5a7525cad02d88.4266260215176268268527-2.png",
      "scale" : "3x"
    }
  ],
  "info" : {
    "version" : 1,
    "author" : "xcode"
  }
}